category,project_type,stand_number,title,county,school,project_type_raw
Biological & Ecological Sciences,Group,1400,Can you create eco-friendly paper out of waste plant materials?,Kilkenny,Castlecomer Community School,Group (2)
Biological & Ecological Sciences,Group,1401,An Investigation into Soil Organic Matter in North Cork Using UAV RGB Imagery: Supporting the “4 per 1000” Initiative & Climate Change Mitigation,Cork,St Mary's Secondary School Mallow,Group (3)
Biological & Ecological Sciences,Group,1402,Optimal Peat Alternative For Tomato Seedlings,Kerry,Pobalscoil Inbhear Scéine,Group (2)
Biological & Ecological Sciences,Group,1403,Using Native Irish Plants to Reinvigorate Soils Following Prolonged Flooded at Lough Funshinagh,Westmeath,Moate Community School,Group (3)
Biological & Ecological Sciences,Group,1404,Evaluation of the effectiveness of the teabag method for determining the rate of decomposition in the different Burren soils.,Clare,Mary Immaculate Secondary School,Group (2)
Biological & Ecological Sciences,Group,1405,"The Grass is Greener with Alpacas: Fertiliser Value, Application Methods, and Weed Seed Germination",Cavan,St Bricin's College,Group (2)
Biological & Ecological Sciences,Group,1406,Do different factors affect the place a pigeon comes in a race?,Dublin,Ardgillan Community College,Group (2)
Biological & Ecological Sciences,Group,1407,Measuring student’s response to identifying birds by sound on ecology field trips in a suburban area,Dublin,Tallaght Community School,Group (2)
Biological & Ecological Sciences,Group,1408,Shoo Silverfish!,Dublin,St Joseph's Secondary School Rush,Group (2)
Biological & Ecological Sciences,Group,1500,Longitudinal Assessment of Water Quality and Macroinvertebrate Bioindicators in the Blackwater River Following a Major Fish Kill,Cork,Boherbue Comprehensive School,Group (2)
Biological & Ecological Sciences,Group,1501,We've Got Worms: An investigation into worm-based composting,Limerick,Coláiste Iósaef,Group (3)
Biological & Ecological Sciences,Group,1502,An Investigation into the Effects of various NFB and N- Fertilizer Amendments on the Growth of Barley Plants: A Route towards a more Sustainable Agriculture.,Cork,St Mary's Secondary School Mallow,Group (3)
Biological & Ecological Sciences,Group,1503,Running Road Run-off Off The Roads,Wexford,Ramsgrange Community School,Group (3)
Biological & Ecological Sciences,Group,1504,Sexless Seeds: How these crops could soon transform Irish food on the market,Tipperary,Borrisokane Community College,Group (3)
Biological & Ecological Sciences,Group,1505,"Skin Safe, Sea Safe: An Evidence-Based Investigation into the Efficacy of Regular and Reef-Safe Sunscreens and their Impact on Aquatic Ecosystems",Tipperary,Borrisokane Community College,Group (3)
Biological & Ecological Sciences,Group,1506,"Investigating the Impact of Urbanisation in Cork City on Soil Carbon, Microbial Phosphorus Mobilisation, and Biodiversity",Cork,Coláiste an Spioraid Naoimh,Group (2)
Biological & Ecological Sciences,Group,1507,Fox Off: A project designed to protect livestock from predatory threats.,Westmeath,Coláiste Mhuire Mullingar,Group (3)
Biological & Ecological Sciences,Group,1508,Going Green: Evaluating Biodegradable Hydrogels for Soil Moisture retention and plant health in local soil types in Co.Meath,Louth,St Mary's Diocesan School,Group (3)
Biological & Ecological Sciences,Group,1509,Breed selection for better beef,Tipperary,Borrisokane Community College,Group (3)
Biological & Ecological Sciences,Group,1510,Staidéar ar an éifeacht a bhaineann forlíonadh Creatine le sláinte agus corp déagóirí.,Donegal,Coláiste Ailigh,Group (3)
Biological & Ecological Sciences,Group,1511,Household items vs Rockwool: Evaluating soilless media in hydroponics,Cork,Coláiste an Spioraid Naoimh,Group (2)
Biological & Ecological Sciences,Group,1512,The Impact of Jigsaw Puzzles on Children's Visual-Spatial Reasoning,Meath,"St. Joseph's Secondary School, Navan",Group (3)
Biological & Ecological Sciences,Group,1513,Breath of fresh air: Investigating how horse bedding affects horses respiratory health,Clare,St. Joseph's Secondary School Tulla,Group (3)
Biological & Ecological Sciences,Group,1514,Growing Plant Protein in Space Using Clay Pebbles Hydroponically,Dublin,Tallaght Community School,Group (3)
Biological & Ecological Sciences,Group,1515,Don't Stop Bee-lievin',Cork,Coláiste an Spioraid Naoimh,Group (2)
Biological & Ecological Sciences,Group,1516,Investigating the impact of biodegradable products on soil quality,Dublin,Holy Faith Secondary School,Group (2)
Biological & Ecological Sciences,Group,1517,Should Ireland Rethink Reforestation? An Investigation into plant biodiversity and soil health in the Dublin Mountains,Dublin,Firhouse Educate Together Secondary School,Group (3)
Biological & Ecological Sciences,Group,1518,Cut Emissions not Cattle - Reducing Emissions Throughout the Lifetime of Irish Beef Cattle,Westmeath,Our Lady's Bower,Group (3)
Biological & Ecological Sciences,Group,1519,Is Lung Capacity the Key? - Assessing differences in physiological attributes between students on a school GAA team and those who are not.,Cork,Árdscoil Uí Urmoltaigh,Group (2)
Biological & Ecological Sciences,Group,1520,"Sea to Source: Can we protect, restore and sustain our upland river ecosystems?",Limerick,Castletroy College,Group (2)
Biological & Ecological Sciences,Group,1521,Ón Saotharlann go Faoiseamh: Modh Taiscéalaíochta ar Teiripe Cloichín Bunaithe don Inmhéatróis.,Cork,Coláiste Daibhéid,Group (2)
Biological & Ecological Sciences,Group,1522,Fungi Fuel: The Substrates That Make Mushrooms Thrive,Meath,Ashbourne Community School,Group (2)
Biological & Ecological Sciences,Group,1523,"When the Wind Blows, Where does the Plastic Go?",Wexford,Ramsgrange Community School,Group (3)
Biological & Ecological Sciences,Group,1524,Plant life on a raised bog,Westmeath,Loreto College,Group (3)
Biological & Ecological Sciences,Group,1525,Plant Growth; LECA Balls vs Soil,Monaghan,Our Lady's Secondary School,Group (3)
Biological & Ecological Sciences,Group,1526,Meal fed lambs vs Grass fed lambs,Wicklow,Avondale Community College,Group (3)
Biological & Ecological Sciences,Group,1527,Sea Savers: Engineering Sustainable Artificial Coral Reefs,Kerry,Mercy Secondary School Mounthawk,Group (2)
Biological & Ecological Sciences,Group,1528,Grass Wars: To investigate the effect of Natural Fertilisers vs Synthetic NPK on grass growth and dry matter content,Mayo,St Joseph's Community College,Group (3)
Biological & Ecological Sciences,Group,1529,Optimising Nutrient Retention in Hydroponics: The Role of Super Absorbent Polymers in Kratky Systems,Cavan,St Bricin's College,Group (2)
Biological & Ecological Sciences,Group,1530,The Great Germination Showdown- Polythene vs Seaweed Bioplastics and their effects on growing crops,Cork,Schull Community College,Group (3)
Biological & Ecological Sciences,Group,1531,Under the Shell: The Hidden Effects of Sewage on Coastal Life,Louth,De La Salle College Dundalk,Group (3)
Biological & Ecological Sciences,Group,1532,"Tiny Algae, Big Impact: Using Microalgae and Enzymes to Purify Azo Dye-Contaminated Water.",Sligo,Mercy College,Group (2)
Biological & Ecological Sciences,Group,1533,Gone With The Wind - The effect of wind damage on forests and ground flora species,Cavan,Virginia College,Group (3)
Biological & Ecological Sciences,Group,1534,"Medicine in our Hedgerows: An Investigation into the Medicine found all around us and a Study of how Ancient, Natural Remedies are backed up by Science",Dublin,St Conleths College,Group (2)
Biological & Ecological Sciences,Group,1535,"Scent and Remembrance, Exploring the Impact of Olfactory Cues on Memory Recall.",Cork,Sacred Heart Secondary School,Group (3)
Biological & Ecological Sciences,Group,1536,Turning the Tide on Plastics,Sligo,Sligo Grammar School,Group (2)
Biological & Ecological Sciences,Group,1537,Plants on the Pill - Could Birth Control Solve World Hunger?,Dublin,Luttrellstown Community College,Group (3)
Biological & Ecological Sciences,Group,1538,From Root to Leaf,Galway,Coláiste Iognáid S.J.,Group (2)
Biological & Ecological Sciences,Group,1539,Microplastics in our rivers,Cork,Mount St Michael,Group (2)
Biological & Ecological Sciences,Group,1540,From Source to Sea: A Multi-Dimensional Study to Protect and Enhance the Three Trout River,Wicklow,St David's Holy Faith Secondary,Group (2)
Biological & Ecological Sciences,Group,1541,"An investigation into a protection protocol for Native Irish Honey Bees against the new, invasive Vespa velutina using using sound waves",Tipperary,St Josephs College,Group (2)
Biological & Ecological Sciences,Group,1542,Developing a natural filter to reduce microplastics in water.,Donegal,Abbey Vocational School,Group (2)
Biological & Ecological Sciences,Group,1543,Can Bacteria Beat the Bloom,Tyrone,St Ciaran's College,Group (2)
Biological & Ecological Sciences,Group,1600,Shading the Future: Ultraviolet Bioprotective Solutions for Human and Environmental Health.,Monaghan,Castleblayney College,Group (2)
Biological & Ecological Sciences,Group,1601,From Waste to Wealth: Can household compost boost soil health by improving the soil microbiome?,Galway,Clárin College,Group (3)
Biological & Ecological Sciences,Group,1602,The use of mushrooms in combating climate change as a natural bioremediator,Kerry,Mercy Secondary School Mounthawk,Group (2)
Biological & Ecological Sciences,Group,1603,Empowering the Global South: Revolutionising Fast Fashion Run-Off Treatment using Solar-Powered Bioadsorption.,Kerry,Mercy Secondary School Mounthawk,Group (3)
Biological & Ecological Sciences,Group,1604,Wool It Grow,Tipperary,Cashel Community School,Group (3)
Biological & Ecological Sciences,Group,1605,Soleus - the forgotten knee muscle? Is its neglect contributing to an increase in incidence of Anterior Cruciate Ligament injury in Ireland?,Cork,Kinsale Community School,Group (2)
Biological & Ecological Sciences,Individual,1100,Do microplastics in freshwater sediments alter the nitrogen cycle?,Dublin,Coláiste Phádraig CBS,Individual
Biological & Ecological Sciences,Individual,1101,Jellyfish Barriers for Bathing Areas,Donegal,Rosses Community School,Individual
Biological & Ecological Sciences,Individual,1102,"An investigation into the fauna of an unclassified turlough in the Burren, comparing it to other turloughs in the area.",Clare,Mary Immaculate Secondary School,Individual
Biological & Ecological Sciences,Individual,1103,Methodology for identifying a very rare 320 million year old trilobite pygidium from the Clare Shale Formation,Clare,Mary Immaculate Secondary School,Individual
Biological & Ecological Sciences,Individual,1104,Disease Diagnosis Model for Febrile illnesses,Dublin,St. David's College,Individual
Biological & Ecological Sciences,Individual,1200,Dim The Light: A Multigenerational Investigation into the Effects of Light Pollution on Artemia,Limerick,Desmond College,Individual
Biological & Ecological Sciences,Individual,1201,Like Mother Like Daughter: Pursuing beneficial traits of native Irish queen bees through controlled breeding to ensure species survival in changing climates.,Carlow,St. Leo's College,Individual
Biological & Ecological Sciences,Individual,1202,Utilization of Spoiled Milk for the Sustainable Production of Biofuel,Westmeath,Marist College,Individual
Biological & Ecological Sciences,Individual,1203,From Pond to Plot: Using Lemna minor as Nature’s Own Fertiliser.,Cork,"St. Brogan's College, Bandon",Individual
Biological & Ecological Sciences,Individual,1204,Does Refrigeration Reduce Bacterial Contamination? A Simulation of Listeria Testing Using a Safe Surrogate and the Social Impact of Shopping & Food Storage,Cork,"St. Brogan's College, Bandon",Individual
Biological & Ecological Sciences,Individual,1205,Smart freshness label,Dublin,Our Lady's Grove Secondary School,Individual
Biological & Ecological Sciences,Individual,1206,Chew Green: Unsticking The Problem,Westmeath,Moate Community School,Individual
Biological & Ecological Sciences,Individual,1207,Sustainable Biostimulant Strategies to Reduce Nitrogen's Contribution to Greenhouse Gas Emissions,Kerry,CBS The Green,Individual
Biological & Ecological Sciences,Individual,1208,"Assessing human influence on the survival of the Little Tern species: A case study in Kilcoole, Co. Wicklow",Wicklow,St David's Holy Faith Secondary,Individual
Biological & Ecological Sciences,Individual,1209,The Effect of Artificial Sweeteners on Gut Bacteria: An In-Vitro Study,Wicklow,St Marys College Arklow,Individual
Biological & Ecological Sciences,Individual,1210,Night Lights & Napping: Do Security Lights Affect Calf Rest and Growth?,Limerick,Scoil Pól,Individual
Biological & Ecological Sciences,Individual,1211,Turning the tide on plastic: A study of Laminaria digitata Bioplastic as a sustainable alternative to petroleum Plastics,Tipperary,Presentation Secondary School Thurles,Individual
Biological & Ecological Sciences,Individual,1212,Disinfection or Danger? – The Effect of Excessive Levels of Chlorine in Tap Water and its Implications for Human Health,Cork,St Peter's Community School,Individual
Biological & Ecological Sciences,Individual,1213,Vacuum Silage Pit,Cavan,Virginia College,Individual
Biological & Ecological Sciences,Individual,1214,An investigation into Dothistroma Needle Blight Disease in Co.Cork,Cork,Colaiste Muire Crosshaven,Individual
Biological & Ecological Sciences,Individual,1215,An Investigation on the Value of Bioindicators for Monitoring Water Quality in Upstream Tributaries of the River Lee.,Cork,Coláiste Choilm,Individual
Biological & Ecological Sciences,Individual,1216,Examining the relationship between Microplastic abundance in water and the bivalves living in it.,Clare,Mary Immaculate Secondary School,Individual
Biological & Ecological Sciences,Individual,1217,Biochar Boost - Can Biochar enhance soil fertility and store carbon?,Cork,Christian Brothers College Cork,Individual
Biological & Ecological Sciences,Individual,1218,A study into the change of colouration of light absorbing plants for better suitment to extraterrestrial light levels.,Cork,Davis College,Individual
Biological & Ecological Sciences,Individual,1219,An Investigation into the effect of Arm Strength and Core Strength on the ability to perform a handstand successfully.,Louth,St Vincent's Secondary School,Individual
Biological & Ecological Sciences,Individual,1220,An investigation into shrink in cattle transport and how it can be best minimised,Cork,De La Salle College,Individual
Biological & Ecological Sciences,Individual,1221,LeafSense: Using AI to Predict Plant Health,Dublin,St Joseph's Secondary School Rush,Individual
Biological & Ecological Sciences,Individual,1222,"Brew, Reuse, Renew",Cork,Skibbereen Community School,Individual
Biological & Ecological Sciences,Individual,1223,An Cumas féideartha chun denim athchúrsáilte a úsáid san tionscal leighis,Dublin,Scoil Chaitriona,Individual
Biological & Ecological Sciences,Individual,1300,Eco Purge: Biodegradable Plastic with Enzyme-Driven Microplastic Degradation,Donegal,Loreto Secondary School Letterkenny,Individual
Biological & Ecological Sciences,Individual,1301,A Comparative Study of Isometric and Isotonic Training on Short-Term Strength Gains in Teenagers,Dublin,Coláiste Phádraig CBS,Individual
Biological & Ecological Sciences,Individual,1302,To investigate if coniferous forestry in north Clare affects aluminium levels in river water,Clare,Mary Immaculate Secondary School,Individual
Biological & Ecological Sciences,Individual,1303,Microbial Might: Resilience and Growth of Probiotics Versus Fermented-Food Communities,Kilkenny,Meánscoil na mBráithre Criostaí,Individual
Biological & Ecological Sciences,Individual,1304,Mechanistic Inference of Regulatory Programs Behind GBM State Transitions,Dublin,The Institute of Education,Individual
Biological & Ecological Sciences,Individual,1305,We 'Mosst' Remove Heavy Metals from Water. A Biological Solution to Heavy Metal Pollution,Wicklow,St Marys College Arklow,Individual
Biological & Ecological Sciences,Individual,1306,Impact of Nematode Application and Haulm Destruction on the Yield of King Edward vs. Maris Piper Potatoes in Wireworm-Prone Soils,Donegal,St Columba's Comprehensive School,Individual
Biological & Ecological Sciences,Individual,1307,Identification of Belizatinib as a Potential Novel Treatment for Pancreatic Cancer,Dublin,St Andrews College,Individual
Biological & Ecological Sciences,Individual,1308,Do seagulls know when we have our lunch?,Dublin,Ardgillan Community College,Individual
Biological & Ecological Sciences,Individual,1309,Lily Pads to Lifesavers - The Healing Power of Nuphar Lutea,Dublin,Sutton Park School,Individual
Biological & Ecological Sciences,Individual,1310,Watersense: A Predictive Surface Water Monitoring System Using ML and Arduino,Limerick,Coláiste Chiaráin,Individual
Biological & Ecological Sciences,Individual,1311,Discovering the optimal method for economical and sustainable egg incubation,Kerry,Mercy Secondary School Mounthawk,Individual
"Chemical, Physical & Mathematical Sciences",Group,4400,Physics behind the fastest way to empty a bottle.,Limerick,Desmond College,Group (2)
"Chemical, Physical & Mathematical Sciences",Group,4401,Spice Power: Uncovering the antioxidant champion in your kitchen,Dublin,Loreto Secondary School Balbriggan,Group (2)
"Chemical, Physical & Mathematical Sciences",Group,4402,"Testing Irish Seaweed as a Low-Cost, Eco-Friendly Absorbent for Road Oil Spills",Donegal,Rosses Community School,Group (3)
"Chemical, Physical & Mathematical Sciences",Group,4403,Éifeachtaí Díbholaitheoirí agus Spraeálacha Aerasóil ar Asma agus ar Riochtaí Riospráide eile,Donegal,Coláiste Ailigh,Group (3)
"Chemical, Physical & Mathematical Sciences",Group,4404,Some Theorems and Conjectures Inspired by Gauss's 'Eureka Theorem',Dublin,"Christian Brothers, Synge St.",Group (2)
"Chemical, Physical & Mathematical Sciences",Group,4405,Using an automatic irrigation system to improve crop production,Cork,Christian Brothers College Cork,Group (3)
"Chemical, Physical & Mathematical Sciences",Group,4406,Freeze-Free Drinkers: Engineering Freeze-Resistant Livestock Drinking Systems,Westmeath,Moate Community School,Group (3)
"Chemical, Physical & Mathematical Sciences",Group,4407,The Impact of Solid Fuel Combustion on Indoor and Outdoor Particulate Matter Concentrations (PM2.5 and PM10) and its Effect on Overall Air Quality.,Cork,St Mary's Secondary School Mallow,Group (2)
"Chemical, Physical & Mathematical Sciences",Group,4408,Imscrúdú Turgnamhach ar Athruithe Acústacha i Veidhlíní de bharr seinnte agus creathaidh,Dublin,Mount Temple Comprehensive School,Group (2)
"Chemical, Physical & Mathematical Sciences",Group,4409,Matamatic na hAmchoda: Rialú Buaiceanna Glúcóis i nDiaibéiteas Cineál 1,Galway,Coláiste Naomh Eoin,Group (2)
"Chemical, Physical & Mathematical Sciences",Group,4410,Quartz in the Burren - where did it come from?,Clare,Mary Immaculate Secondary School,Group (2)
"Chemical, Physical & Mathematical Sciences",Group,4411,Biodegradable Plastics vs Conventional Plastics in Acid/Base Environments,Dublin,Coláiste Phádraig CBS,Group (3)
"Chemical, Physical & Mathematical Sciences",Group,4412,TerraSolar: Developing Plant-Based Dyes for Use in Dye-Sensitised Solar Cells in Tunisia,Westmeath,Moate Community School,Group (2)
"Chemical, Physical & Mathematical Sciences",Group,4413,"Keys vs Strings: Which Produces More Harmonic Overtones, Piano or Viola?",Cork,Christian Brothers College Cork,Group (3)
"Chemical, Physical & Mathematical Sciences",Group,4500,To investigate the insulating properties of various sustainable materials compared to synthetic materials,Roscommon,Elphin Community College,Group (2)
"Chemical, Physical & Mathematical Sciences",Group,4501,Taking “The Stick” for a walk: A year long study of Malahide’s microclimate and what it means for Ireland’s official weather station network.,Dublin,Malahide Community School,Group (2)
"Chemical, Physical & Mathematical Sciences",Group,4502,pH and Temperature: A Chemical Connection.,Limerick,Ardscoil Ris,Group (3)
"Chemical, Physical & Mathematical Sciences",Group,4503,An investigative study into how landing techniques in different sports affect strains on the ACL in athletes.,Tipperary,St Josephs College,Group (3)
"Chemical, Physical & Mathematical Sciences",Group,4504,Testing sound barriers,Roscommon,Coláiste Chiaráin,Group (2)
"Chemical, Physical & Mathematical Sciences",Group,4505,Does the mineral content of water cost families minimum €800 per year?,Laois,Dunamase College (Colaiste Dhun Masc),Group (3)
"Chemical, Physical & Mathematical Sciences",Group,4506,Vibrations to voltage: Piezoelectric power generation,Wicklow,Greystones Community College,Group (2)
"Chemical, Physical & Mathematical Sciences",Group,4507,GeoImpact: Geometric 3D Printing for Shock Absorption,Wicklow,Greystones Community College,Group (2)
"Chemical, Physical & Mathematical Sciences",Group,4508,An Investigation into how shuffling affects the randomness of a deck of cards,Cork,Davis College,Group (2)
"Chemical, Physical & Mathematical Sciences",Group,4509,Can variation in atmospheric pressure alone be used as an early predictor of rain? A school-scale study of barometric tendency vs observed rainfall in Ireland,Tipperary,St Josephs College,Group (3)
"Chemical, Physical & Mathematical Sciences",Group,4510,From Grave to Stream: Is Embalming Fluid having an environmental impact on the ecosystems of our waterways,Donegal,Carndonagh Community School,Group (2)
"Chemical, Physical & Mathematical Sciences",Group,4511,Breathe Easy: Investigating School Air Pollution,Donegal,Loreto Community School,Group (2)
"Chemical, Physical & Mathematical Sciences",Group,4512,The Readability Gap: A Comparative Analysis of Language Demands in Junior Cycle and Leaving Certificate Exams and their Correlation with Grade Distributions.,Dublin,Ardgillan Community College,Group (3)
"Chemical, Physical & Mathematical Sciences",Group,4513,Feasibility of nano materials for a space sunshade,Cork,Árdscoil Uí Urmoltaigh,Group (2)
"Chemical, Physical & Mathematical Sciences",Group,4514,Melting the problem; the effects and alternatives of NaCl on frosty Irish roads.,Kerry,Presentation Secondary School Listowel,Group (2)
"Chemical, Physical & Mathematical Sciences",Group,4515,Electrolyte Concentration and Fuel Cell Output,Dublin,Coláiste Phádraig CBS,Group (3)
"Chemical, Physical & Mathematical Sciences",Group,4516,MyceliClean: Harnessing Fungal Bioelectricity for Off-Grid Water Sterilisation,Westmeath,Moate Community School,Group (2)
"Chemical, Physical & Mathematical Sciences",Group,4517,How does the inflation of a rugby ball affect its pass and kick accuracy?,Tipperary,Cistercian College Roscrea,Group (3)
"Chemical, Physical & Mathematical Sciences",Group,4518,Cracking the Cancer Code.. With Code!,Roscommon,Roscommon Community College,Group (3)
"Chemical, Physical & Mathematical Sciences",Group,4519,Investigating the Energy Absorption of Biological and Non-Biological Lattice Structures,Cork,Coláiste an Spioraid Naoimh,Group (2)
"Chemical, Physical & Mathematical Sciences",Group,4520,Does Water Weaken UV Protection in Swimwear?,Cork,De La Salle College,Group (2)
"Chemical, Physical & Mathematical Sciences",Group,4521,The Unseen Pollution: Are microplastics in our water sources?,Tipperary,Patrician Presentation,Group (3)
"Chemical, Physical & Mathematical Sciences",Group,4522,Comparative study on Roman cement and Portland cement strength in a marine environment,Dublin,Balbriggan Community College,Group (3)
"Chemical, Physical & Mathematical Sciences",Group,4523,The Battery Battle: Which Powers Better- Rechargeable or Disposable,Kilkenny,Meánscoil na mBráithre Criostaí,Group (3)
"Chemical, Physical & Mathematical Sciences",Group,4524,"Testing Paraffin, Soy, and Beeswax Candles: Do They Release Harmful Air Pollution And Do They Affect Breathing and Asthma?",Dublin,St Joseph's Secondary School Rush,Group (2)
"Chemical, Physical & Mathematical Sciences",Group,4525,Comparing Local Macroalgae and Cultured Microalgae for Eco-Friendly Water Purification: A Sensor-Based Study Using PASCO Technology,Dublin,St Joseph's Secondary School Rush,Group (3)
"Chemical, Physical & Mathematical Sciences",Group,4526,Tracking Geomagnetic Storms in the Ionosphere Using GPS Signal Error (East Clare),Clare,St. Joseph's Secondary School Tulla,Group (2)
"Chemical, Physical & Mathematical Sciences",Group,4527,Céard é an slí is éifeachtúla le iarann agus mangainéis a bhaint ó córais uisce?,Kilkenny,Coláiste Pobail Osraí,Group (3)
"Chemical, Physical & Mathematical Sciences",Group,4528,An bhfuil uisce Choláiste Ailigh scagtha agus sábháilte le hól i ndáiríre?,Donegal,Coláiste Ailigh,Group (2)
"Chemical, Physical & Mathematical Sciences",Group,4529,An Investigation into the Design of a Novel and Sustainable Insulation Material for Irish Dwellings,Roscommon,C.B.S. Roscommon,Group (3)
"Chemical, Physical & Mathematical Sciences",Group,4530,Phosphoproteins and Polymers-An Analysis of Casein Plastic,Offaly,Gallen Community School,Group (2)
"Chemical, Physical & Mathematical Sciences",Group,4531,EcoFuel: Algae-powered Biodiesel for sustainable energy,Limerick,Villiers Secondary School,Group (3)
"Chemical, Physical & Mathematical Sciences",Group,4532,Stronger Together,Cork,Coláiste na Toirbhirte,Group (3)
"Chemical, Physical & Mathematical Sciences",Group,4600,"Solutions to Combat Lead Pollution in Soil and Water in Kabwe, Zambia",Dublin,The Kings Hospital,Group (2)
"Chemical, Physical & Mathematical Sciences",Group,4601,A simulation of Axion Monodromy inflation to investigate whether it can describe our Universe,Dublin,Stratford College,Group (2)
"Chemical, Physical & Mathematical Sciences",Group,4602,Smart Biochar: a Reusable Filter for Fertilizer-Polluted Water,Kildare,Patrician Secondary School,Group (2)
"Chemical, Physical & Mathematical Sciences",Group,4603,Biomechanics of Hand Grip Strength vs Hand Size,Dublin,Coláiste Phádraig CBS,Group (3)
"Chemical, Physical & Mathematical Sciences",Group,4604,A Clock Ticking on Health: Measuring Antioxidant Levels in Food Sources Using the Iodine Clock Exeperiment,Galway,Coláiste Muire Máthair,Group (2)
"Chemical, Physical & Mathematical Sciences",Group,4605,Biodegradable Fruit Stickers,Wicklow,Scoil Chonglais,Group (3)
"Chemical, Physical & Mathematical Sciences",Group,4606,If you care breathe air: An investigation into the chemicals in vapes and cigarettes,Cork,Colaiste Muire Crosshaven,Group (2)
"Chemical, Physical & Mathematical Sciences",Group,4607,Fractal Footprints - Mapping the Maths of Cities,Kerry,Mercy Secondary School Mounthawk,Group (2)
"Chemical, Physical & Mathematical Sciences",Group,4608,Stairway to Strategy: Do Older Students Spot the Nash Equilibrium Faster?,Dublin,Tallaght Community School,Group (3)
"Chemical, Physical & Mathematical Sciences",Group,4609,The People's Electrolyzer,Carlow,St Mary's Academy CBS,Group (2)
"Chemical, Physical & Mathematical Sciences",Group,4610,Optimising Street Geometry to Enhance Urban Wind Flow for Compact Energy Systems,Dublin,The Institute of Education,Group (2)
"Chemical, Physical & Mathematical Sciences",Individual,4100,Can Plants Outshine Antibiotics?,Dublin,Loreto Secondary School Balbriggan,Individual
"Chemical, Physical & Mathematical Sciences",Individual,4101,An Investigation into the Spread of Forever Chemicals in Local Surface and Groundwater Sources of North Cork Using Low-Cost School Based Detection Methods,Cork,St Mary's Secondary School Mallow,Individual
"Chemical, Physical & Mathematical Sciences",Individual,4102,The gloves are off – but what’s left on? Detection of chemical allergens in Goalkeeper Gloves and potential barriers for skin protection,Cork,Pobalscoil na Tríonóide,Individual
"Chemical, Physical & Mathematical Sciences",Individual,4103,The Chemical and Physical Decompostion of Cross-Linked PVA Polymers,Clare,Ennistymon Community School,Individual
"Chemical, Physical & Mathematical Sciences",Individual,4200,An Unusual Method for Solving Diophantine Equations Using Matrices,Dublin,"Christian Brothers, Synge St.",Individual
"Chemical, Physical & Mathematical Sciences",Individual,4201,When Nature Repairs: Seaweed-Enhanced Self-Healing Concrete,Roscommon,Coláiste Chiaráin,Individual
"Chemical, Physical & Mathematical Sciences",Individual,4202,Representations of Irrational Numbers,Dublin,"Christian Brothers, Synge St.",Individual
"Chemical, Physical & Mathematical Sciences",Individual,4203,Using modern AI models to analyze legacy data from Imaging Atmospheric Cherenkov Telescopes,Galway,Presentation College Headford,Individual
"Chemical, Physical & Mathematical Sciences",Individual,4204,An initial analysis of 320 million-year-old micro coprolites from Doolin,Clare,Mary Immaculate Secondary School,Individual
"Chemical, Physical & Mathematical Sciences",Individual,4205,Can glass really start a wildfire?,Clare,Mary Immaculate Secondary School,Individual
"Chemical, Physical & Mathematical Sciences",Individual,4206,An investigation on tidal forces and the effects from a black hole on different sized planets,Dublin,Bremore Educate Together Secondary School,Individual
"Chemical, Physical & Mathematical Sciences",Individual,4207,Enduring Learning Dynamics: A Novel Approach to Analyse and Improve Forgetting and Alignment Drift in Machine Learning,Westmeath,Athlone Community College,Individual
"Chemical, Physical & Mathematical Sciences",Individual,4208,Mapping the Invisible: Using Artificial Intelligence to Profile Dark Matter Halos from Galaxy Rotation Curves,Kerry,Meanscoil Nua an Leith Triuigh,Individual
"Chemical, Physical & Mathematical Sciences",Individual,4209,Monte Carlo Simulation of Black Hole Accretion,Dublin,Our Ladys School,Individual
"Chemical, Physical & Mathematical Sciences",Individual,4210,pHaulty Foundations: The Effect of Freshwater Acidification on Building Materials,Cavan,Breifne College,Individual
"Chemical, Physical & Mathematical Sciences",Individual,4300,Luck Misled,Limerick,Desmond College,Individual
"Chemical, Physical & Mathematical Sciences",Individual,4301,AstroRim: Reconstruction of source objects in Gravitational Lenses via Physics Informed Machine Learning,Wicklow,Greystones Community College,Individual
"Chemical, Physical & Mathematical Sciences",Individual,4302,ChronoSim: A computational model and tool to simulate quantum time crystals and identify parameter regions exhibiting discrete time-translation symmetry breaking,Dublin,St Andrews College,Individual
"Chemical, Physical & Mathematical Sciences",Individual,4303,The Metallicity-Driven Dynamics of Hot Jupiter Formation and Migration: Consequences for Neighbouring Planetary Habitability,Cork,St Mary's Secondary School Mallow,Individual
"Chemical, Physical & Mathematical Sciences",Individual,4304,Investigating different ways of removing medicines from water part II,Derry-Londonderry,St Mary's College,Individual
"Chemical, Physical & Mathematical Sciences",Individual,4305,Generalisations of the Steiner-Lehmus Theorem,Dublin,"Christian Brothers, Synge St.",Individual
"Chemical, Physical & Mathematical Sciences",Individual,4306,Two Recurring Themes in Ramanujan's Notebooks,Dublin,"Christian Brothers, Synge St.",Individual
"Chemical, Physical & Mathematical Sciences",Individual,4307,Investigating the effect of different wavelengths of light on cells,Derry-Londonderry,St Mary's College,Individual
"Chemical, Physical & Mathematical Sciences",Individual,4308,"Investigating the photocatalysis and antimicrobial ability of titanium dioxide using UVA , UVB and UVC Part II and building & testing a fan with TiO2 and UVA",Derry-Londonderry,St Mary's College,Individual
"Chemical, Physical & Mathematical Sciences",Individual,4309,There's Plenty of Room To Break Through at the Bottom,Laois,St. Mary's C.B.S.,Individual
"Chemical, Physical & Mathematical Sciences",Individual,4310,Memory metal crumple zones,Galway,Presentation College Headford,Individual
"Chemical, Physical & Mathematical Sciences",Individual,4311,Mean-Field Game Theory for Adaptive Traffic Signal Control: A Hybrid AI-Mathematical Framework for Equilibrium-Based Optimization at Urban Intersections.,Dublin,Marian College,Individual
"Chemical, Physical & Mathematical Sciences",Individual,4312,An investigation of the possible existence of a secondary atmosphere on 55 Cancri e using transmission and thermal emission spectroscopy,Cork,Coláiste Fionnchua,Individual
"Chemical, Physical & Mathematical Sciences",Individual,4313,Simulating The Impact of Atmospheric Drag on Satellite Lifetimes for Future Space Missions,Meath,St Patrick's Classical School,Individual
"Chemical, Physical & Mathematical Sciences",Individual,4314,Bio-assisted Micro-Combustion: Using Soybean Chemiluminescence to Modulate Ignition and Investigating if this can Lead to a More Sustainable Fuel Source,Antrim,St Dominic's High School,Individual
"Chemical, Physical & Mathematical Sciences",Individual,4315,Fisic Acústaic na Stoirme; An féidir fuaimrian na dtonn a thomhais agus na sonraí a usáid chun aip eolaíochta a chruthú chun creimeadh cósta a thuar?,Galway,Coláiste Naomh Eoin,Individual
"Chemical, Physical & Mathematical Sciences",Individual,4316,Use of Casein Plastic in Packaging,Offaly,Killina Presentation Secondary School,Individual
Health & Wellbeing,Group,2400,The Infection Detector: How Cabbage Juice Tracks Infections using a natural pH Indicator.,Offaly,Tullamore College,Group (2)
Health & Wellbeing,Group,2401,One Sport Wonder? The pressure to specialise.,Offaly,Tullamore College,Group (2)
Health & Wellbeing,Group,2402,CPR4ALL: A simple and affordable CPR manikin to help you save lives.,Offaly,Tullamore College,Group (2)
Health & Wellbeing,Group,2403,Exploring the biochemistry of chocolate: Sugar content analysis,Cork,Coláiste na Toirbhirte,Group (2)
Health & Wellbeing,Group,2404,How blue light impacts our sleep and the long term effects on our health,Dublin,Muckross Park College,Group (3)
Health & Wellbeing,Group,2405,Breaking records or just dress codes? An investigation into how the switch from skorts to shorts affectes girl’s confidence on the pitch.,Dublin,Mount Anville Secondary School,Group (2)
Health & Wellbeing,Group,2406,Which soap kills the most bacteria?,Dublin,Gonzaga College,Group (3)
Health & Wellbeing,Group,2407,"Scroll, Swipe, Forget? The effects of screentime on adolescent memory",Cork,St Mary's Secondary School Macroom,Group (2)
Health & Wellbeing,Group,2408,DiaCare+: Taking Diabetes management to the next level,Westmeath,Coláiste Mhuire Mullingar,Group (2)
Health & Wellbeing,Group,2409,Ireland's nutrition: progress or decline?,Cork,Schull Community College,Group (3)
Health & Wellbeing,Group,2410,Hopes and Failures-the free hot meals,Galway,Dunmore Community School,Group (2)
Health & Wellbeing,Group,2411,I'm Alone Safely - Alert System App,Kerry,Presentation Secondary School Listowel,Group (2)
Health & Wellbeing,Group,2412,DiAssist: A Mobile Application Smart Diabetes Management system with personalised Diet Insights & Emergency Alerts,Mayo,Mount St Michael,Group (3)
Health & Wellbeing,Group,2413,Too hot to handle: A deep dive into burns,Wicklow,Greystones Community College,Group (2)
Health & Wellbeing,Group,2414,How Well Does the GAA support Health and Well-being in each County in Ireland,Down,Abbey Christian Brothers School,Group (2)
Health & Wellbeing,Group,2415,Cancer isn't just for old age: Investigating the rising diagnosis in young people in Munster,Clare,St John Bosco Community College,Group (3)
Health & Wellbeing,Group,2416,From Dolls to Dermis: The Shift from Childhood Toys to Early Beauty Routines.,Cavan,St Bricin's College,Group (2)
Health & Wellbeing,Group,2417,Are Gummy Vitamins as effective as Traditional Vitamin Tablets?,Roscommon,Coláiste Chiaráin,Group (2)
Health & Wellbeing,Group,2418,EcoEase: Recycling Workwear into Fidget/Stress Relief Toys for Neurodivergent Minds,Westmeath,Coláiste Mhuire Mullingar,Group (2)
Health & Wellbeing,Group,2419,Phone Pouches in Irish Schools: Hygiene Hazard or Helpful Habit?,Dublin,The High School,Group (2)
Health & Wellbeing,Group,2500,Silent Struggles: Farmers Mental Health And The Weight Of Change,Cork,Boherbue Comprehensive School,Group (2)
Health & Wellbeing,Group,2501,The impact of glycaemic index of meals on rowing performance,Kerry,Pobalscoil Inbhear Scéine,Group (2)
Health & Wellbeing,Group,2502,Silent Signals: Investigating Gender Bias in Cardiovascular Healthcare,Kerry,Pobalscoil Inbhear Scéine,Group (3)
Health & Wellbeing,Group,2503,HeartSupport,Cork,Christ King Girls' Secondary School,Group (2)
Health & Wellbeing,Group,2504,"Ferma-Aid: Using Fermentation to Produce Nutritious, Easily Digestible and Sustainable Emergency Food Aid",Westmeath,Moate Community School,Group (3)
Health & Wellbeing,Group,2505,Satisfaction Through Transaction,Kerry,Pobalscoil Inbhear Scéine,Group (2)
Health & Wellbeing,Group,2506,Powered by the Beat: The Everyday Impact of Pacemakers,Westmeath,Meán Scoil an Chlochair,Group (3)
Health & Wellbeing,Group,2507,From Irish Fields to Salmonella Shields: Producing Natural Egg Coatings to Inhibit the Bacterial Contamination of Eggs,Westmeath,Moate Community School,Group (3)
Health & Wellbeing,Group,2508,Cúram Curamach!,Cork,Gaelcholáiste Charraig Ui Leighin,Group (2)
Health & Wellbeing,Group,2509,Don’t let it get Under your Skin - Exploring the hidden impact of beauty routines—from UV exposure to aesthetic pressure—and our health beneath the surface.,Carlow,St. Leo's College,Group (3)
Health & Wellbeing,Group,2510,Eye-resh: A Wearable Device for a Persistent Healthy Vision.,Galway,Jesus & Mary Secondary School,Group (2)
Health & Wellbeing,Group,2511,Brewed Bandages: Can Teabags Be An Alternative for Traditional Wound Dressings?,Roscommon,Coláiste Chiaráin,Group (2)
Health & Wellbeing,Group,2512,GlycoCycle: The Combination of Glucose Monitoring and Period Tracking,Dublin,Loreto College The Green,Group (2)
Health & Wellbeing,Group,2513,An Investigation into Protein Supplement Use and Awareness of the associated Health Benefits and Risks among Adolescents,Dublin,Mount Sackville Secondary School,Group (3)
Health & Wellbeing,Group,2514,A Longitudinal Study Into The Effect Of The Menstrual Cycle On The Wellbeing Of Teenage Girls.,Kilkenny,Castlecomer Community School,Group (2)
Health & Wellbeing,Group,2515,Are We Overmedicated? Exploring Awareness and Understanding,Cork,Colaiste Treasa,Group (3)
Health & Wellbeing,Group,2516,Assessing knowledge of modifiable risk factors for dementia: A Statistical Analysis,Cork,Kinsale Community School,Group (3)
Health & Wellbeing,Group,2517,WaterWatch: an AI-powered early flood warning system,Westmeath,Coláiste Mhuire Mullingar,Group (2)
Health & Wellbeing,Group,2518,Glow With The Flow,Roscommon,Coláiste Chiaráin,Group (2)
Health & Wellbeing,Group,2519,M-AI-RIA: AI-Powered Malaria Risk Prediction,Dublin,St Andrews College,Group (2)
Health & Wellbeing,Group,2520,Tiny Leaders on the Pitch: A 4-Week Intervention to Increase Assertive Play in 5–6-Year-Olds,Meath,"St. Joseph's Secondary School, Navan",Group (3)
Health & Wellbeing,Group,2521,"Harnessing Nature: Symptom‑driven mobile app using food‑based, natural ingredients to generate remedy suggestions and easy‑follow recipes for minor ailments",Mayo,Mount St Michael,Group (2)
Health & Wellbeing,Group,2522,The Effects of being in the Armed Forces on mental health,Roscommon,Mercy College Roscommon,Group (3)
Health & Wellbeing,Group,2523,Antibiotic Resistance Awareness,Dublin,Santa Sabina Dominican College,Group (2)
Health & Wellbeing,Group,2524,The Açaí Bowl Trend: Nutritious Sweet Treat or Sugar Spike? An investigation into the effect of homemade and commercial frozen açai purees on blood sugar levels,Donegal,St. Columba's College,Group (2)
Health & Wellbeing,Group,2525,Persona Plate,Westmeath,Our Lady's Bower,Group (2)
Health & Wellbeing,Group,2526,"Red, White and Toxic: How safe are the products we use every month?",Cork,Coláiste na Toirbhirte,Group (2)
Health & Wellbeing,Group,2527,Horse Riding vs Traditional Exercise: Investigating Mental Health Benefits in Teenagers,Roscommon,Roscommon Community College,Group (2)
Health & Wellbeing,Group,2528,Brain Track: Cognitive Support and Familial Connectivity in Dementia Care,Clare,Shannon Comprehensive School,Group (3)
Health & Wellbeing,Group,2529,Psychological effect of the water issue on the people of North Cork.,Cork,Scoil Mhuire gan Smal,Group (2)
Health & Wellbeing,Group,2530,Cutting Edge Ethics - Editing or Overstepping?,Dublin,Dominican College Drumcondra,Group (2)
Health & Wellbeing,Group,2531,Raising awareness of women's disorders and women's health,Galway,Coláiste Mhuire,Group (2)
Health & Wellbeing,Group,2532,Creatine Under the Microscope: What People Think vs What Science Says,Cork,Colaiste Treasa,Group (3)
Health & Wellbeing,Group,2533,"Do youth individual sports teach resilience in future athletes, or do they discourage children at an early age - and does parental ambition shape these impacts",Westmeath,Our Lady's Bower,Group (2)
Health & Wellbeing,Group,2534,"Mapping Ireland's Future ""Care Gaps""-A Composite Risk Index for Access to Care in an Ageing Population.",Tipperary,St Josephs College,Group (3)
Health & Wellbeing,Group,2535,Breast Cancer Incidence in Europe: How Do Rates Differ Across Ethnic Groups and Why?,Limerick,Castletroy College,Group (3)
Health & Wellbeing,Group,2536,The importance of the EU regulation on make-up products,Laois,Heywood Community School,Group (2)
Health & Wellbeing,Group,2537,Beyond the Reflection: A Pathway to Feeling Confident in Your Own Body,Tipperary,Ursuline Secondary School,Group (3)
Health & Wellbeing,Group,2538,"Grip, React, Remember: Investigating the relationship between grip strength, reaction time, memory, and physical mobility across age groups",Cork,Coláiste Choilm,Group (3)
Health & Wellbeing,Group,2539,An investigation into the effects of microwaving vs using an oven to reheat food,Dublin,Santa Sabina Dominican College,Group (3)
Health & Wellbeing,Group,2540,Breaking Point: The Hidden Danger of Training Load and Insufficient Recovery,Sligo,Sligo Grammar School,Group (2)
Health & Wellbeing,Group,2541,Gut Health=Good Feeling,Donegal,Pobalscoil Chloich Cheannfhaola,Group (3)
Health & Wellbeing,Group,2542,STEADYBRUSH,Wicklow,St David's Holy Faith Secondary,Group (2)
Health & Wellbeing,Group,2543,To Investigate the Properties of Wool in Pressure Sore Prevention and Wound Dressing,Dublin,Gonzaga College,Group (2)
Health & Wellbeing,Group,2544,Mind Over Matter: An Investigation into Effective Stress-Coping Mechanisms in Secondary School Students,Dublin,St Mary's Holy Faith Glasnevin Secondary School,Group (3)
Health & Wellbeing,Group,2545,Súile - Eye tracking and Alzheimer’s detection,Limerick,Limerick City East Secondary School,Group (2)
Health & Wellbeing,Group,2600,"Menopause, Mind, and Medicine: The Hidden Toll of the Silent Change",Offaly,Tullamore College,Group (2)
Health & Wellbeing,Group,2601,The Effects of Different Types of Football Boots on Leg Injuries,Kildare,St Pauls Secondary School,Group (2)
Health & Wellbeing,Group,2602,From Vessel Support to Insulin Production: A Prototype Stent for Diabetes Complications,Galway,Dominican College,Group (2)
Health & Wellbeing,Group,2603,"My Little Steps: Simplifying the process of baby development, health and milestone checks",Louth,De La Salle College Dundalk,Group (3)
Health & Wellbeing,Group,2604,Barbie Hair: Measuring Microplastic Levels in Human Hair Samples,Sligo,Ursuline College,Group (2)
Health & Wellbeing,Group,2605,Bumblebee,Cork,Terence Mac Swiney Community College,Group (3)
Health & Wellbeing,Group,2606,EyeSpy - Developing a Wearable Device for Patients with Macular Degeneration to Improve the Field of Vision,Kerry,Mercy Secondary School Mounthawk,Group (2)
Health & Wellbeing,Group,2607,Chill “N” Heal Bandage Ver 2.0,Limerick,Desmond College,Group (2)
Health & Wellbeing,Group,2608,"GAA Grind: Strength in Struggle, Power in Pain",Westmeath,Coláiste Mhuire Mullingar,Group (3)
Health & Wellbeing,Group,2609,Sunny Side: A Mobile Application for Automated Detection of SPF/ UV Protection Interfering Ingredients in Skincare and Makeup Products,Donegal,St. Columba's College,Group (3)
Health & Wellbeing,Group,2610,Supplements vs Superfruits: Which Source of Vitamin C Survives Best Over Time?,Galway,Coláiste Muire Máthair,Group (2)
Health & Wellbeing,Group,2611,Investigating the effects of different frequencies when sleeping among teenagers aged 13-17,Louth,St Mary's Diocesan School,Group (3)
Health & Wellbeing,Individual,2100,"Grip Geenie ""Bringing comfort and confidence to users, one twist at a time.""",Limerick,Desmond College,Individual
Health & Wellbeing,Individual,2101,An Investigation into Students’ Awareness of Their Mental State Using Voice-Based Emotion Detection,Cork,Colaiste Muire Crosshaven,Individual
Health & Wellbeing,Individual,2102,Emergency Assistive Technology for Deaf and Hard of Hearing,Cork,Kinsale Community School,Individual
Health & Wellbeing,Individual,2103,Public awareness and reaction to Presumed consent for organ donation in Ireland,Limerick,Coláiste Chiaráin,Individual
Health & Wellbeing,Individual,2104,"An Investigation into the Role of Noise in Irish Schools: Impacts on Behaviour, Learning, and Emotional Health in Mainstream and SEN Students",Cork,St Mary's Secondary School Mallow,Individual
Health & Wellbeing,Individual,2105,Sure Sit Mat: A mat designed to help people with dementia sit down safely with confidence.,Wicklow,Greystones Community College,Individual
Health & Wellbeing,Individual,2106,Exploring the therapeutic value of sound and light waves in a sample of David Bowie's music and videos,Clare,Mary Immaculate Secondary School,Individual
Health & Wellbeing,Individual,2107,Under-resourcing of Addiction Services in Irish Prisons: Can AI reduce this problem?,Clare,Mary Immaculate Secondary School,Individual
Health & Wellbeing,Individual,2108,Misophonia: An unknown but common disorder,Limerick,Mungret Community College,Individual
Health & Wellbeing,Individual,2200,AsthmaSense: A System for Recording and Predicting Asthma Attacks,Limerick,Desmond College,Individual
Health & Wellbeing,Individual,2201,Secure Hands: Evolving Real-Time ISL Translation for Critical First Responder Communication (A Refined and Extended Study).,Mayo,Mount St Michael,Individual
Health & Wellbeing,Individual,2202,The role of temperature-dependent enzymes in weightlifting performance,Meath,Beaufort College,Individual
Health & Wellbeing,Individual,2203,Game On or Game Over? Competition’s Impact On Health and Wellbeing,Tipperary,Presentation Secondary School Thurles,Individual
Health & Wellbeing,Individual,2204,Mushrooms vs Mutations: can Irish fungi fight cancer?,Roscommon,Coláiste Chiaráin,Individual
Health & Wellbeing,Individual,2205,GlioScope: Multi-task Deep Learning and Causal AI for Glioma & Glioblastoma Profiling,Kerry,Mercy Secondary School Mounthawk,Individual
Health & Wellbeing,Individual,2206,The Gut Reaction: Investigating the effect of zero sugar drinks on beneficial gut bacteria,Roscommon,Mercy College Roscommon,Individual
Health & Wellbeing,Individual,2207,IronInsight: Haemochromatosis Awareness,Cork,Ursuline College Blackrock,Individual
Health & Wellbeing,Individual,2208,The effect of trauma and autism,Kilkenny,Coláiste Pobail Osraí,Individual
Health & Wellbeing,Individual,2209,Straight Talk: School Life With Scoliosis and the Promise of AI,Dublin,Tallaght Community School,Individual
Health & Wellbeing,Individual,2210,Castaway - Redefining Orthopedic Recovery: A Study on the Efficacy of 3D-Printed Casts.,Mayo,Mount St Michael,Individual
Health & Wellbeing,Individual,2211,Tight Glucose Control-IQ? An Investigation into the Effectiveness of Hybrid Closed Loop Insulin Pump Algorithms,Dublin,Ballinteer Community School,Individual
Health & Wellbeing,Individual,2212,The Impact of Social Media on Teen Cognitive Ability,Clare,St. Joseph's Secondary School Tulla,Individual
Health & Wellbeing,Individual,2213,Breathing & Eating Plastics: Checking for Microplastics in School Air and Lunches,Dublin,St Joseph's Secondary School Rush,Individual
Health & Wellbeing,Individual,2214,Patient-Specific 3D-Printed Jaw Implants: Materials and Design Investigation,Mayo,Mount St Michael,Individual
Health & Wellbeing,Individual,2300,Effective Medical Solution for Bed Bugs (Cimex Lectularius),Limerick,Desmond College,Individual
Health & Wellbeing,Individual,2301,Adaptive Eats - Enabling people with limited upper arm movement to feed themselves.,Limerick,Desmond College,Individual
Health & Wellbeing,Individual,2302,"SweetHealth app - Empowering diabetes management through smart, inclusive digital care.",Wicklow,St Marys College Arklow,Individual
Health & Wellbeing,Individual,2303,Urban Inaccessibility: A Quantitative Analysis of the Impact of Physical Barriers on Wheelchair Users’ Quality of Life.,Tipperary,C.B.S. Thurles,Individual
Health & Wellbeing,Individual,2304,Developing a concussion-suppressant skull cap,Kildare,St Pauls Secondary School,Individual
Health & Wellbeing,Individual,2305,"Sealing the Future, Polymer based adhesives for safer internal wound healing",Dublin,Adamstown Community College,Individual
Health & Wellbeing,Individual,2306,SeaSense: A seaweed-based biosensor for early sepsis detection via salivary bio markers,Donegal,St Columba's Comprehensive School,Individual
Health & Wellbeing,Individual,2307,Critical Masses of Critical Thinkers,Cork,Coláiste an Spioraid Naoimh,Individual
Health & Wellbeing,Individual,2308,Symbiome: Real-Time Physiological Monitoring for Early Health Detection,Dublin,Adamstown Community College,Individual
Health & Wellbeing,Individual,2309,EndometriKNOWsis,Donegal,Abbey Vocational School,Individual
Health & Wellbeing,Individual,2310,NeuroGaze: Using eye-tracking and AI to detect eye movements for earlier ADHD diagnosis.,Wicklow,St Marys College Arklow,Individual
Health & Wellbeing,Individual,2311,Forecasting the Spread of Infectious Diseases in Rural Ireland.,Cork,St Mary's Secondary School Macroom,Individual
Health & Wellbeing,Individual,2312,"Taobh Thiar den Chluiche: Tuiscint, Acmhainní agus Dúshláin i bPeil Gael na mBan a staidéar",Kerry,Gaelcholáiste Chiarraí,Individual
Health & Wellbeing,Individual,2313,Bridging the Gap: Training Coaches to Include Athletes with ASD,Kerry,Mercy Secondary School Mounthawk,Individual
Health & Wellbeing,Individual,2314,An Investigation into European Educational Environments as Determinants of Student and Teacher Psychological Health,Clare,Mary Immaculate Secondary School,Individual
Health & Wellbeing,Individual,2315,"The Longer the Wait, the Heavier the Weight",Limerick,Castletroy College,Individual
Health & Wellbeing,Individual,2316,NutriTrack: Rethinking Healthy Eating,Dublin,Coláiste Bríde,Individual
Social & Behavioural Sciences,Group,3400,"Young Minds, Different Countries, Different Realities",Dublin,Adamstown Community College,Group (2)
Social & Behavioural Sciences,Group,3401,Driving Change: Assessing Low-Cost Public Transport as a Tool for Meeting Ireland’s 2030 Carbon Targets,Tipperary,Ursuline Secondary School,Group (2)
Social & Behavioural Sciences,Group,3402,Competitive vs Cooperative Framing: Effects on Ethical Choices in Male Adolescents,Dublin,Coláiste Phádraig CBS,Group (2)
Social & Behavioural Sciences,Group,3403,TikTok vs Textbook: How video length affects teen learning and memory,Kerry,Presentation Secondary School Tralee,Group (2)
Social & Behavioural Sciences,Group,3404,Éadaí Thraidisiúnta Árann-Leide don Inbhuanaitheacht?,Galway,Coláiste Naomh Eoin,Group (3)
Social & Behavioural Sciences,Group,3405,Exploring taste familiarity and visual recognition accuracy of fruits and vegetables in children aged 8-12 years,Laois,Heywood Community School,Group (2)
Social & Behavioural Sciences,Group,3406,Numbers don’t discriminate - the curriculum does! How can we solve the equation and create a fair maths education for every student?,Cork,Kinsale Community School,Group (3)
Social & Behavioural Sciences,Group,3407,Breaking The Bias: Have science books evolved enough to represent female scientists fairly?,Galway,Coláiste Muire Máthair,Group (2)
Social & Behavioural Sciences,Group,3408,A Study into Today’s Teenagers Political and Geographical Knowledge Compared to 1991,Limerick,Villiers Secondary School,Group (2)
Social & Behavioural Sciences,Group,3409,School Phone Pouches: Do They Really Limit Students' Screen Time? A Statistical Analysis,Cork,Kinsale Community School,Group (2)
Social & Behavioural Sciences,Group,3410,A dose of reality: Disposal of unused medicine - What are the public practices and awareness levels in Ireland?,Dublin,De La Salle College Churchtown,Group (2)
Social & Behavioural Sciences,Group,3411,The science of procrastination,Tipperary,Newport College,Group (2)
Social & Behavioural Sciences,Group,3412,Múinteoirí vs AI,Limerick,Gaelcholáiste Luimnigh,Group (2)
Social & Behavioural Sciences,Group,3413,"Scroll, Listen, Repeat: The Relationship Between Lyric Complexity and TikTok Virality",Cavan,St Bricin's College,Group (2)
Social & Behavioural Sciences,Group,3500,"DEIS or No DEIS: An Investigation into the Impact of School Status on Student Wellbeing, School Culture, and Academic Performance",Dublin,St Mary's Holy Faith Glasnevin Secondary School,Group (2)
Social & Behavioural Sciences,Group,3501,Implicit Bias in the Classroom: Investigating Students Perceptions of Male vs. Female Teachers,Cork,Coláiste Choilm,Group (2)
Social & Behavioural Sciences,Group,3502,Wired to Win: Investigating the Impact of Wearable Fitness Trackers on Motivation and Training Habits in Young Girls,Cork,St Mary's Secondary School Macroom,Group (3)
Social & Behavioural Sciences,Group,3503,"Place, Perception and Presence: How Local Deprivation Relates to Student's Attitudes Towards School Life",Dublin,Tallaght Community School,Group (3)
Social & Behavioural Sciences,Group,3504,Time Pressure and Risk-Taking in Male Adolescents,Dublin,Coláiste Phádraig CBS,Group (2)
Social & Behavioural Sciences,Group,3505,Do TikTok style microbursts improve memory better then traditional study methods for teenagers?,Tipperary,St Josephs College,Group (2)
Social & Behavioural Sciences,Group,3506,"Students’ and Teachers’ Perspectives on the Impact of Junior Cycle Descriptors: Success, Confidence, and Subject Level Choices for the Leaving Certificate",Meath,"St. Joseph's Secondary School, Navan",Group (2)
Social & Behavioural Sciences,Group,3507,The Thought Experiment: Can Self-Talk Rewire Student Behavior?,Tipperary,Presentation Secondary School Thurles,Group (2)
Social & Behavioural Sciences,Group,3508,The Firehose of Falsehood: Combating Repetition-Based Misinformation and Its Impact on Immigration Attitudes,Wexford,Bunclody Vocational College,Group (3)
Social & Behavioural Sciences,Group,3509,From Pockets to Lockers - An Investigation into a “High-Trust Model” to Restrict Phone Access at School,Limerick,Castletroy College,Group (2)
Social & Behavioural Sciences,Group,3510,Dominant is Prominent: A statistical analysis how ocular dominant vision can improve putting in golf,Donegal,Carndonagh Community School,Group (3)
Social & Behavioural Sciences,Group,3511,How much do we actually rely on AI.,Dublin,Sancta Maria College,Group (2)
Social & Behavioural Sciences,Group,3512,More than Makeup: The Female Athlete's Struggle in the Eye of the Media,Westmeath,Moate Community School,Group (3)
Social & Behavioural Sciences,Group,3513,"Burnout and beyond: The impact of stress, job security and living costs on teacher retention",Westmeath,Coláiste Mhuire Mullingar,Group (3)
Social & Behavioural Sciences,Group,3514,"BrainBeat – Small Cues, Big Results: A Study Companion to Reduce Distractions and Improve Learning",Westmeath,Coláiste Mhuire Mullingar,Group (3)
Social & Behavioural Sciences,Group,3515,From Fare to Fresh Air: Investigating Free Transit as a Climate Solution,Westmeath,Coláiste Mhuire Mullingar,Group (2)
Social & Behavioural Sciences,Group,3516,Science Reimagined: Exploring Student and Teacher Perceptions of the Evolving Senior Cycle Science Curricula in Ireland,Wicklow,Glenart College,Group (2)
Social & Behavioural Sciences,Group,3517,The Jobscape of Tomorrow: Future-Proof Your Career with our Solution Career Quest,Westmeath,Coláiste Mhuire Mullingar,Group (3)
Social & Behavioural Sciences,Group,3518,"To subtitle, or not to subtitle, that is the question.",Sligo,Ursuline College,Group (3)
Social & Behavioural Sciences,Group,3519,Use of AI in a school environment and its effect on students work ethic.,Cork,Colaiste Treasa,Group (3)
Social & Behavioural Sciences,Group,3520,Taxed To The Max: Ireland's Corporate Gamble,Westmeath,Coláiste Mhuire Mullingar,Group (3)
Social & Behavioural Sciences,Group,3521,Does the Autism Label Change How We See Our Classmates?,Galway,Portumna Community School,Group (3)
Social & Behavioural Sciences,Group,3522,Media Manipulation,Cork,Scoil Mhuire Wellington Road,Group (2)
Social & Behavioural Sciences,Group,3523,Recipes For All: Accessible recipes for people with intellectual disabilities,Dublin,Dominican College Drumcondra,Group (2)
Social & Behavioural Sciences,Group,3524,Examining AI Literacy in Schools: Can It Be Learned?,Limerick,Coláiste Iósaef,Group (3)
Social & Behavioural Sciences,Group,3525,Behind Every Search: The Hidden Cost and Potential of Data Energy,Cork,Coláiste Choilm,Group (2)
Social & Behavioural Sciences,Group,3526,Repraising anxiety as excitement: Effects on Performance Across a Range of Tasks in Adolescents.,Cork,Coláiste Choilm,Group (3)
Social & Behavioural Sciences,Group,3527,Exploring the Influence of Music Tempo on Speed and Endurance,Dublin,Our Ladys School,Group (2)
Social & Behavioural Sciences,Group,3528,Born to Compete? An investigation into age and gender dynamics in sibling rivalry,Cork,St Mary's Secondary School Macroom,Group (3)
Social & Behavioural Sciences,Group,3529,Artificial Intelligence: Help or Hindrance to those with Dyslexia?,Dublin,Sandford Park School,Group (3)
Social & Behavioural Sciences,Group,3530,Are politicians more or less likely to exhibit Machiavellian traits than the general population?,Louth,St Vincent's Secondary School,Group (3)
Social & Behavioural Sciences,Group,3531,Life without a buzz : The impact of Yondr pouches on daily life,Galway,Coláiste Muire Máthair,Group (2)
Social & Behavioural Sciences,Group,3532,Who Will Farm Tomorrow: No Sowers today means no harvest tomorrow!,Cork,Millstreet Community School,Group (3)
Social & Behavioural Sciences,Group,3533,How coaches influence female players,Dublin,Holy Faith Secondary School,Group (3)
Social & Behavioural Sciences,Group,3534,An investigation into how TV shows impact career choices and expectations.,Donegal,St. Columba's College,Group (2)
Social & Behavioural Sciences,Group,3535,An Fholús Fhíorúil: Tionchar na Meán Sóisialta ar meabhairshláinte,Galway,Coláiste Ghobnait,Group (2)
Social & Behavioural Sciences,Group,3536,Are Teens victim to Conformity? A behavioral study,Cork,Coláiste Choilm,Group (3)
Social & Behavioural Sciences,Group,3537,Farming in a changing climate: How climate change affects farmers and farms,Cork,Colaiste Treasa,Group (3)
Social & Behavioural Sciences,Group,3538,Comparing the ability to multitask between male adults and male teens in different environments.,Cork,Árdscoil Uí Urmoltaigh,Group (2)
Social & Behavioural Sciences,Group,3539,Silence of the stressed,Dublin,St. Seton's Secondary School,Group (2)
Social & Behavioural Sciences,Group,3540,How Could American Tariffs Affect Ireland?​,Dublin,St Andrews College,Group (2)
Social & Behavioural Sciences,Group,3541,Who Wrote That? Can people tell the difference between music composed by AI and by humans?,Dublin,Santa Sabina Dominican College,Group (3)
Social & Behavioural Sciences,Group,3542,Why Do Pedestrians Jaywalk?,Cork,Midleton College,Group (2)
Social & Behavioural Sciences,Group,3543,Muintir na hÉireann agus an phictiúrlann; Anailís ar rátaí freastail agus imscrúdú ar fhachtóirí tionchair.,Donegal,Pobalscoil Ghaoth Dobhair,Group (3)
Social & Behavioural Sciences,Group,3544,Digital Puberty: Investigating How Social Media Shapes Maturity in Irish Female Teenagers Compared to Older Female Generations,Dublin,Loreto Secondary School Balbriggan,Group (2)
Social & Behavioural Sciences,Group,3545,"How early is too early? The link between the age joining social media, screen time and beauty influencer exposure.",Laois,Heywood Community School,Group (2)
Social & Behavioural Sciences,Group,3546,Betting on Mental Health: Investigating the Link Between Gambling and Anxiety in Teenagers,Roscommon,Roscommon Community College,Group (2)
Social & Behavioural Sciences,Group,3547,From Barriers To Belonging: Exploring Educational Disadvantage Through The Lens Of The Roma Community In Ireland.,Roscommon,Roscommon Community College,Group (3)
Social & Behavioural Sciences,Group,3548,Typing Speed Pressure in Online Tests,Dublin,Coláiste Phádraig CBS,Group (2)
Social & Behavioural Sciences,Group,3549,Social Media and Its Effects on People's Perception of Their Mental Health,Kerry,Meanscoil Nua an Leith Triuigh,Group (2)
Social & Behavioural Sciences,Group,3550,Tech vs Beings What is the most effective way to learn linguistics?,Dublin,Le Cheile Secondary School,Group (2)
Social & Behavioural Sciences,Group,3551,Frozen Feelings: Interpreting Emotions Visually,Dublin,Le Cheile Secondary School,Group (2)
Social & Behavioural Sciences,Group,3552,Checkmate the Brain,Dublin,Luttrellstown Community College,Group (3)
Social & Behavioural Sciences,Group,3553,"Lost Lines: What happened to Irelands railways, and which should be revived?",Cork,Millstreet Community School,Group (3)
Social & Behavioural Sciences,Group,3554,Uniform Confidence: Do School Uniforms Reduce Appearance-Related Pressure In Irish Secondary School?,Cork,Colaiste Treasa,Group (3)
Social & Behavioural Sciences,Group,3555,The cost of the Government Free Books scheme on you (the taxpayer) and the environment.,Cork,Mount St Michael,Group (3)
Social & Behavioural Sciences,Group,3556,The Mask of Masculinity,Dublin,Ardgillan Community College,Group (2)
Social & Behavioural Sciences,Group,3557,"Counting the Cost of Clean Water: An investigation into the social, environmental and economical cost of frequent boil water notices in the town of Macroom",Cork,St Mary's Secondary School Macroom,Group (3)
Social & Behavioural Sciences,Group,3600,Drawn Conclusions! A Comparative Analysis of Human Police Sketch Artists and AI generated police sketches in forensic Illustration and Suspect Identification.,Cavan,Virginia College,Group (2)
Social & Behavioural Sciences,Group,3601,Snaps and Sparks: Analysing Teen Dating Habits in the Modern Age of Snapchat,Donegal,St. Columba's College,Group (2)
Social & Behavioural Sciences,Group,3602,Likes vs Rights: Should Family Vloggers Be Subject to Child Labour Laws?,Cork,St Mary's Secondary School Macroom,Group (2)
Social & Behavioural Sciences,Group,3603,"Understanding the Impact of Allergies: Challenges, Awareness, and the Ripple Effect on Families and Society",Cork,St Mary's Secondary School Macroom,Group (2)
Social & Behavioural Sciences,Group,3604,Pixelated Realities: When Social Media Becomes the Escape,Cork,St Mary's Secondary School Mallow,Group (3)
Social & Behavioural Sciences,Group,3605,"Emoji Politics: How Informal Speeches, Emojis & Messages Affect Perception of Political Messages Among Irish Youth",Meath,Boyne Community School,Group (3)
Social & Behavioural Sciences,Group,3606,EcoEcho,Limerick,Coláiste Nano Nagle,Group (2)
Social & Behavioural Sciences,Group,3607,Bringing Return to Travel: Does the public want to use their bottle return deposits to top up their Leap Card?,Wicklow,Greystones Community College,Group (3)
Social & Behavioural Sciences,Group,3608,Experience vs Learning - Should theory test renewal be mandatory?,Galway,Coláiste Muire Máthair,Group (2)
Social & Behavioural Sciences,Group,3609,Chill Pill - A Daily Dose of Distraction,Donegal,Abbey Vocational School,Group (2)
Social & Behavioural Sciences,Group,3610,An investigation into how one small policy change with P.E. uniforms can affect a whole community,Tipperary,Cashel Community School,Group (2)
Social & Behavioural Sciences,Group,3611,Dyslexia in Ireland Under the Microscope,Westmeath,Our Lady's Bower,Group (3)
Social & Behavioural Sciences,Group,3612,"The Bias Behind the Bot: How AI Sees Gender — An Investigation of Gender Bias and Stereotyping in AI-Generated Text, Images, Voice, and Language",Dublin,St Mary's Holy Faith Glasnevin Secondary School,Group (3)
Social & Behavioural Sciences,Group,3613,Launching Ireland's Future: Astronomy for the Leaving Certificate,Cork,Christian Brothers College Cork,Group (2)
Social & Behavioural Sciences,Group,3614,"Myths, Media, and Misconceptions: Public Perceptions of Autism Causes",Dublin,St Joseph's Secondary School Rush,Group (3)
Social & Behavioural Sciences,Individual,3100,Elo Evolution: Redefining Chess Ratings,Westmeath,Moate Community School,Individual
Social & Behavioural Sciences,Individual,3101,Beyond the Book: A study of young people's attitudes to reading,Donegal,Gairmscoil Mhic Diarmada,Individual
Social & Behavioural Sciences,Individual,3102,Ear Vs Sight: Learning Irish trad music,Cork,Kinsale Community School,Individual
Social & Behavioural Sciences,Individual,3103,Lessons in Transition: Students’ understandings of change in the context of school transformation from single-sex to co-educational schooling.,Dublin,De La Salle College Churchtown,Individual
Social & Behavioural Sciences,Individual,3104,Conas gur féidir linn cailíní a spreagadh don innealtóireacht le clubanna STEM scoile?,Cork,Gaelcholáiste Charraig Ui Leighin,Individual
Social & Behavioural Sciences,Individual,3105,Why do people fear insects?,Cork,Christian Brothers College Cork,Individual
Social & Behavioural Sciences,Individual,3106,"Think Before You Flush, Brush, Wash",Cork,Christian Brothers College Cork,Individual
Social & Behavioural Sciences,Individual,3107,"Spectators, Safety, and Science: Investigating Community Views on the Enhanced Games",Cavan,St Bricin's College,Individual
Social & Behavioural Sciences,Individual,3108,Do Teenagers Trust AI More Than Their Parents or Teachers,Louth,St. Joseph's C.B.S.,Individual
Social & Behavioural Sciences,Individual,3200,Does being bilingual give you an advantage in the Irish education system?,Wicklow,Woodbrook College,Individual
Social & Behavioural Sciences,Individual,3201,And the 2026 Stripe YSTE Winner Is.. Leveraging an AI-based Project Success Predictor to Forecast Winners from Social and Behavioral Variables,Cork,Christ King Girls' Secondary School,Individual
Social & Behavioural Sciences,Individual,3202,"Reserved for a Reason: Exploring Public Perception and Misuse of Disabled Persons’ Parking Spaces and Permits, with Proposed Solutions",Cork,St Mary's Secondary School Macroom,Individual
Social & Behavioural Sciences,Individual,3203,Back In The Saddle: Resilience and recovery after horse-related injuries,Tipperary,Presentation Secondary School Thurles,Individual
Social & Behavioural Sciences,Individual,3204,Farming: The Next Generation,Waterford,Blackwater Community School,Individual
Social & Behavioural Sciences,Individual,3205,Brain Drain or Brain Game? - Assessing the Impact of Using Competition to Increase Learning,Wicklow,Blessington Community College,Individual
Social & Behavioural Sciences,Individual,3206,Ag Stiúradh Saoil an Oileán: Ag nochtú smaointe an t-aos óg maidir le cónaí ar oileáin chósta na hÉireann.,Donegal,Gairmscoil Mhic Diarmada,Individual
Social & Behavioural Sciences,Individual,3207,Identifying the Most Impactful Advertisements for Driving Climate Change Action.,Dublin,Firhouse Educate Together Secondary School,Individual
Social & Behavioural Sciences,Individual,3208,Keeping girls in the game: Analysing the Role of Coaching Styles in Soccer Dropout Rates,Cork,Coláiste Choilm,Individual
Social & Behavioural Sciences,Individual,3209,Policy vs Practice: Projected Impact of Ireland’s Vape Tax and Flavor Ban,Dublin,The Institute of Education,Individual
Social & Behavioural Sciences,Individual,3210,Has participation in the Young Scientist and Technology Exhibition changed between 2010 and 2025?,Clare,Mary Immaculate Secondary School,Individual
Social & Behavioural Sciences,Individual,3211,"A Study on the Economic Effects of Removal of Rent Pressure Zones on Dublin Housing Supply, Demand, and Price.",Dublin,Bremore Educate Together Secondary School,Individual
Social & Behavioural Sciences,Individual,3212,Dyslexic Lens,Dublin,St Josephs College,Individual
Social & Behavioural Sciences,Individual,3213,"The Pressure Paradox: How Academic Stress Undermines Fine Motor Skills - Evidence, Mechanisms and Solutions.",Kerry,Presentation Secondary School Tralee,Individual
Social & Behavioural Sciences,Individual,3214,Discussing the stigma around menstruation and the access to resources for young girls in Irish secondary schools,Cork,Bandon Grammar School,Individual
Social & Behavioural Sciences,Individual,3215,Think less with AI in class,Sligo,Ursuline College,Individual
Social & Behavioural Sciences,Individual,3216,How did Covid infect our language?,Limerick,Villiers Secondary School,Individual
Social & Behavioural Sciences,Individual,3217,Developing A Personalised Diagnostic Model: For The Detection of Bullying Behaviors in Secondary Schools,Kerry,Mercy Secondary School Mounthawk,Individual
Social & Behavioural Sciences,Individual,3218,Are potentially harmful parenting practices normalised in kid-influencing industries ?A content-and audience-perception study,Laois,Mountrath Community School,Individual
Social & Behavioural Sciences,Individual,3219,"Unmasking Potential: Developing a Flagging Tool for Autism in High-Masking, Bright Girls",Meath,Coláiste Rioga,Individual
Social & Behavioural Sciences,Individual,3220,"Does uniform stop bullying, or do they just change what kind of bullying happens",Roscommon,Roscommon Community College,Individual
Social & Behavioural Sciences,Individual,3221,Is a Lack of Education a Leading Cause of Recreational Drug Misuse?,Cork,Glanmire Community College,Individual
Social & Behavioural Sciences,Individual,3222,The Cost of Progress: AI’s impact on the water supply,Limerick,Coláiste Nano Nagle,Individual
Social & Behavioural Sciences,Individual,3223,"Can our brain alone explain our thoughts and feelings, or is there something more to being conscious?",Meath,"St. Joseph's Secondary School, Navan",Individual
Social & Behavioural Sciences,Individual,3224,Alleviating Pronunciation Difficulties for English Learners,Dublin,St Kilian's Deutsche Schule,Individual
Social & Behavioural Sciences,Individual,3225,Comparing iPad Touchscreen and Computer Keyboard Efficiency and the Role of Regular Practice,Dublin,St Joseph's Secondary School Rush,Individual
Social & Behavioural Sciences,Individual,3300,"Investigating exposure, intergroup threat and rejection in adolescent male attitude development",Westmeath,Coláiste Mhuire Mullingar,Individual
Social & Behavioural Sciences,Individual,3301,"PolitiClear - ""Politics made clear.""",Westmeath,Coláiste Mhuire Mullingar,Individual
Social & Behavioural Sciences,Individual,3302,A Fairer Test? Comparing Ireland’s Colour Vision Screening with Task-Based alternatives.,Cork,St Mary's Secondary School Macroom,Individual
Social & Behavioural Sciences,Individual,3303,Factors Affecting Continuation of Extracurricular Activities from Primary to Secondary School,Kildare,St Pauls Secondary School,Individual
Social & Behavioural Sciences,Individual,3304,"Financial Rationalisations, Gender, and Risk: Understanding the “Girl Maths” Phenomenon",Cork,St Mary's Secondary School Mallow,Individual
Social & Behavioural Sciences,Individual,3305,ReThread,Cork,Millstreet Community School,Individual
Social & Behavioural Sciences,Individual,3306,The Unseen Healthcare - Trans Healthcare in Ireland,Wicklow,Greystones Community College,Individual
Social & Behavioural Sciences,Individual,3307,"AccessiRead: Making Exams Accessible, for Everyone",Cork,Bruce College,Individual
Social & Behavioural Sciences,Individual,3308,Raising Awareness About the Risks of Radiation Exposure Through X-Rays,Cork,St Mary's Secondary School Macroom,Individual
Social & Behavioural Sciences,Individual,3309,An Investigation into the osmotic power plant and its implications for Ireland,Westmeath,Coláiste Mhuire Mullingar,Individual
Social & Behavioural Sciences,Individual,3310,How external rewards can increase motivation and performance in Irish teenagers in hurling and camogie,Westmeath,St Joseph's Secondary School,Individual
Social & Behavioural Sciences,Individual,3311,Assessing how well Junior Cycle prepares students for Leaving Cycle,Tipperary,Cashel Community School,Individual
Social & Behavioural Sciences,Individual,3312,Fair Or Foul,Galway,Presentation College Headford,Individual
Social & Behavioural Sciences,Individual,3313,“One more haul…”: A study on overconsumption from the mind of a young consumer.,Laois,Dunamase College (Colaiste Dhun Masc),Individual
Social & Behavioural Sciences,Individual,3314,Ag Mairteáil an Stoirm : an bhfuil tithe na hÉireann ullamh do Athrú Aeráide?,Kerry,Gaelcholáiste Chiarraí,Individual
Social & Behavioural Sciences,Individual,3315,Comparing the relationship between use of social media and body dissatisfaction among female and male adolescents,Cork,Coláiste Choilm,Individual
Social & Behavioural Sciences,Individual,3316,"Cash, choices and costs: Do Irish households invest well?",Dublin,Christian Brothers College Monkstown,Individual
Social & Behavioural Sciences,Individual,3317,How does being disabled and queer in second level and higher education affect mental health?,Roscommon,Roscommon Community College,Individual
Social & Behavioural Sciences,Individual,3318,What is the Probability of Maintaining Living Standards after Age 66 in Ireland?—- A Gender and Income Analysis,Dublin,Rathdown School,Individual
Social & Behavioural Sciences,Individual,3319,Does Reading on Screens Make Learning Harder for Teens?,Antrim,St Dominic's High School,Individual
Technology,Group,5400,Privacy vs Protection: Know Your Net,Westmeath,Coláiste Mhuire Mullingar,Group (2)
Technology,Group,5401,Poor women’s telescope in this economy!,Galway,Presentation College Headford,Group (2)
Technology,Group,5402,"‘Shine Bright, Clean Right’ - The impact of dirt/debris on solar panel efficiency",Limerick,Castletroy College,Group (2)
Technology,Group,5403,Design and Development of a Solar-Powered SMART Buoy as a Sustainable Solution for River Health,Cork,St Mary's Secondary School Mallow,Group (3)
Technology,Group,5404,Helper AI,Wicklow,Greystones Community College,Group (2)
Technology,Group,5405,The Sting Mapper,Dublin,St Joseph's Secondary School Rush,Group (2)
Technology,Group,5406,BINBOTS,Dublin,St Joseph's Secondary School Rush,Group (2)
Technology,Group,5500,Evolve Era: From Symptom Tracking to Interoperable Health Insights - Identifying Patterns in Patient Data to Support Evidence-Based Care.,Mayo,Mount St Michael,Group (2)
Technology,Group,5501,AQUA-D (Automated Quick Underwater Assistance Device): Next-Generation Smart Goggles with Eye Detection and Rescue Support,Cork,St Mary's Secondary School Mallow,Group (3)
Technology,Group,5502,EcoSprout,Mayo,Mount St Michael,Group (2)
Technology,Group,5503,TempoTeacher,Kerry,Presentation Secondary School Listowel,Group (3)
Technology,Group,5504,How AI can combat disinformation and deepfakes online,Dublin,Castleknock College,Group (3)
Technology,Group,5505,FluxChess: A Real-Time Dynamic Chess Tutor That Teaches Through Personalised Feedback,Dublin,Stratford College,Group (2)
Technology,Group,5506,"Shine Bright, Charge Right: An efficient solar-powered phone case that converts solar energy into electrical power.",Cork,Coláiste Choilm,Group (2)
Technology,Group,5507,Grammar Maketh Man: Coding a Chrome extension to optimise ChatGPT queries.,Limerick,Coláiste Chiaráin,Group (3)
Technology,Group,5508,Scratch-ing the Surface: How Scratch is Shaping Junior Cert Coding,Westmeath,Coláiste Mhuire Mullingar,Group (3)
Technology,Group,5509,Investigating The Effectiveness of Boosting Solar Panels With Mirrors In the Climate of Ireland,Cork,Coláiste Choilm,Group (3)
Technology,Group,5510,SeaScanner: A Practical Solution to our Overfishing Crisis,Cork,Scoil Mhuire gan Smal,Group (3)
Technology,Group,5511,An bhfuil an spás ag rith amach orainn? – Imscrúdú eolaíoch ar theorainneacha stórála sonraí domhanda,Wexford,Meanscoil Gharman,Group (2)
Technology,Group,5512,Automated plant watering system,Roscommon,Coláiste Chiaráin,Group (2)
Technology,Group,5513,VisitWise is an AI-powered symptom checker to reduce GP visits.,Westmeath,Coláiste Mhuire Mullingar,Group (3)
Technology,Group,5514,TrustLens - an AI-powered browser plugin for detecting bias,Louth,De La Salle College Dundalk,Group (2)
Technology,Group,5515,"Can combining AI, digital wellness tools and peer support in the form of a web app help young people open up about their mental health?",Dublin,Gaelcholáiste Reachrann,Group (3)
Technology,Group,5516,AI-Powered Recycling Sorter for a Sustainable Future,Clare,Ennistymon Community School,Group (3)
Technology,Group,5517,Algorithmic Bias in AI Generated Imagery: Reinforcing Stereotypes in Sports and Society,Clare,Ennistymon Community School,Group (2)
Technology,Group,5518,Thermo-charge Your Workout: Using Thermo-electrics to Generate Electric Energy from Body Heat,Cork,Mount St Michael,Group (2)
Technology,Group,5519,Can we use Machine Learning to design more efficient Hydroelectric Turbines?,Cork,Scoil Mhuire gan Smal,Group (2)
Technology,Group,5520,The Coop-erative Mix: Adding chicken feathers and spent diatomaceous earth to plaster,Sligo,Ursuline College,Group (3)
Technology,Group,5521,Stealth Drone: Increasing Flight Time and Reducing Noise Using Glider-Inspired Design,Dublin,Bremore Educate Together Secondary School,Group (2)
Technology,Group,5522,Creation of a Portable Marine Power System,Louth,St Mary's Diocesan School,Group (2)
Technology,Group,5523,AI in action: A smarter way to learn,Westmeath,Our Lady's Bower,Group (3)
Technology,Group,5524,Coral Reef Recovery: An investigation using modern technology to prevent coral reef bleaching.,Westmeath,Our Lady's Bower,Group (2)
Technology,Group,5525,Does the use of drones on Irish farms reduce animal stress while improving productivity ?,Tipperary,Cistercian College Roscrea,Group (2)
Technology,Group,5526,Investigating AI-Supported Questioning to Deepen Student Understanding,Dublin,De La Salle College Churchtown,Group (2)
Technology,Group,5527,Plastics Under Pressure: Comparing injected moulded and 3D-printed plastic household items,Cork,Presentation Secondary School Ballyphehane,Group (2)
Technology,Group,5528,VisionPro Visor,Meath,St Patrick's Classical School,Group (3)
Technology,Group,5529,Wireless Charging,Wicklow,St David's Holy Faith Secondary,Group (3)
Technology,Group,5530,Watts at the door,Carlow,St Mary's Academy CBS,Group (3)
Technology,Group,5531,AQD 17,Carlow,St Mary's Academy CBS,Group (3)
Technology,Group,5532,"TrailTalk is an AI-powered tourism app where users unlock hidden stories, share experiences, and explore personalised results through GPS and sentiment analysis of community-generated content.",Tyrone,Cookstown High School,Group (2)
Technology,Group,5533,"EyeFocus+: An Evidence-Based Digital Approach to Myopia Management, Surgical Interventions, and Long-Term Eye Health Enhancement",Mayo,Mount St Michael,Group (2)
Technology,Group,5534,Swift Block,Meath,St Patrick's Classical School,Group (3)
Technology,Group,5535,Can detecting Asian hornets' buzzing frequencies to alert beekeepers save the bees?,Dublin,Firhouse Educate Together Secondary School,Group (3)
Technology,Group,5536,Specter: Secure Proof of Evidence via Chain-based Technology that is Energy efficient and Resourceful,Kerry,CBS The Green,Group (2)
Technology,Group,5537,The Key to Security; Unpickable lock with magnets,Galway,Galway Educate Together Secondary School,Group (3)
Technology,Group,5600,Sheep Strength II: Using Sheep Wool to Reinforce Concrete,Sligo,Ursuline College,Group (2)
Technology,Group,5601,PowerPredict: Predicting Outages up to 10 days in advance,Limerick,Coláiste Chiaráin,Group (2)
Technology,Group,5602,Studytok,Tipperary,Rockwell College,Group (2)
Technology,Group,5603,Súile,Limerick,Coláiste Chiaráin,Group (2)
Technology,Group,5604,Tact AI: Enhancing Adaptive Learning in AI through Tactile Feedback in Dynamic Environments,Dublin,The Institute of Education,Group (2)
Technology,Group,5605,Dynamic Future Proofing of Open-Source Software using Machine Learning Powered Techniques (SecureOSS),Dublin,St Andrews College,Group (2)
Technology,Group,5606,Affordable Prosthetic Arm Mk2,Kilkenny,Kilkenny College,Group (2)
Technology,Group,5607,UV index calculation: Integrating Cloud Classification and Machine Learning for Precision in UV Forecasting,Dublin,St Joseph's Secondary School Rush,Group (3)
Technology,Group,5608,GaitKeeper,Westmeath,Coláiste Mhuire Mullingar,Group (2)
Technology,Group,5609,Eco: Designing a safer alternative to manhole covers in a slated slurry tank,Cork,De La Salle College,Group (2)
Technology,Individual,5100,"MyWorld: Speak, Connect, Belong",Limerick,Coláiste Nano Nagle,Individual
Technology,Individual,5101,Chirp - A low cost approach to bat monitoring using AI audio analysis,Limerick,Coláiste Chiaráin,Individual
Technology,Individual,5102,"Lights In My Eyes: A novel glare minimising, shrouded bike light suitable for Irish road conditions",Kerry,St. Michael's College,Individual
Technology,Individual,5103,EyeTrackSafe: AI-Based Driver Monitoring System for Preventing Fatigue and Distraction-Related Accidents,Cork,Coláiste an Spioraid Naoimh,Individual
Technology,Individual,5104,PlantRight Ireland: AI Solutions for Carbon Reduction through Tree Planting,Dublin,St Andrews College,Individual
Technology,Individual,5105,NeuroSync: AI Powered Support for Cognitive and Neurological Care,Galway,Coláiste Muire Máthair,Individual
Technology,Individual,5200,NextStep: The JC Study Engine That Learns With You,Cork,Christian Brothers College Cork,Individual
Technology,Individual,5201,Can a standalone glucose monitoring device with improved alerts reduce missed hypoglycemic events?,Dublin,Castleknock College,Individual
Technology,Individual,5202,How Graphene-Infused Thermal Paste can be utilized for Advanced Cooling Systems,Meath,Ashbourne Community School,Individual
Technology,Individual,5203,M.A.N.T.I.S “Muon Analysis for Non-Invasive Tomography and Image Simulation”,Kildare,Clongowes Wood College,Individual
Technology,Individual,5204,S.O.R.A. Sensory Oriented Response Assistant. Robotics as a tool in special education. Róbataic mar uirlis in oideachas speisialta.,Donegal,Pobalscoil Ghaoth Dobhair,Individual
Technology,Individual,5205,Smarter Cancer Staging: Using Machine Learning to Find What Stage a Cancer Is In,Westmeath,Athlone Community College,Individual
Technology,Individual,5206,Sábháil - Autonomous UAV response to emergency incidents,Dublin,St Joseph's Secondary School Rush,Individual
Technology,Individual,5207,Dementia Shield,Cork,Scoil Mhuire Kanturk,Individual
Technology,Individual,5208,Artificial Symposiasts: An AI Framework for Ethical Debate,Dublin,The Institute of Education,Individual
Technology,Individual,5209,AI-Powered Network Security & Resilience Tool: Automated Path Analysis with Dynamic Routing Protection,Dublin,Gonzaga College,Individual
Technology,Individual,5210,Chess Instrument for analysing a game through a camera pointed at a chess board,Cork,St Francis Capuchin College,Individual
Technology,Individual,5211,Ignition Protocol : A genetic fuel algorithm,Cork,Christian Brothers College Cork,Individual
Technology,Individual,5212,FutureDev,Meath,St Patrick's Classical School,Individual
Technology,Individual,5213,A New Method of Identifying Braess’ Paradox,Kerry,Mercy Secondary School Mounthawk,Individual
Technology,Individual,5214,"GeoGuard: Geofencing Technology to Detect and Prevent Illegal, Unreported and Unregulated Fishing in Irish Waters",Dublin,Blackrock College,Individual
Technology,Individual,5215,Shaky Science! An investigation of e-scooter/bike vibrations,Dublin,Santa Sabina Dominican College,Individual
Technology,Individual,5216,Developing a Compression Pipeline for deploying Neural Networks in Wearable Sleep Apnoea Detection.,Kildare,Celbridge Community School,Individual
Technology,Individual,5217,AI-Powered Portfolio Management with News-Driven Market Impact Prediction,Westmeath,Coláiste Mhuire Mullingar,Individual
Technology,Individual,5218,AI-Based Defence System Against Asian Hornet Predation on Honeybee Colonies,Kerry,CBS The Green,Individual
Technology,Individual,5219,Beyond Binary: √NOT and the Future of Computing,Dublin,Mount Sackville Secondary School,Individual
Technology,Individual,5220,Solar-Powered Low-Cost Robot River Skimmer for Oil-Based Pollution Removal,Dublin,St Andrews College,Individual
Technology,Individual,5221,Ecofi: A Game to Encourage Students to Lower Their Electricity Usage,Dublin,Clonkeen College,Individual
Technology,Individual,5222,Vertical Axis Wind Turbines for Motorways,Kerry,CBS The Green,Individual
Technology,Individual,5223,An Investigation into the Impact of Training Data Variations on Accuracy and reliability in Machine Learning Models,Cork,Davis College,Individual
Technology,Individual,5300,Gait Guard,Donegal,Loreto Secondary School Letterkenny,Individual
Technology,Individual,5301,Prometheus: A distributed record of time-stamped and provably authentic photographic images,Dublin,Coláiste Ghlór na Mara,Individual
Technology,Individual,5302,CAPILL: Medicine Dispenser for People with Reduced Hand Mobility,Longford,Lanesboro Community College,Individual
Technology,Individual,5303,A Multiscale Hopfield-Based Model Linking Molecular Pathology to Network Instability and Cognitive Decline in Alzheimer’s Disease,Dublin,Loreto College The Green,Individual
Technology,Individual,5304,Optimising Computation: Investigating Speed and Efficiency in Computing and the Role of Dedicated Hardware,Kildare,St Pauls Secondary School,Individual
Technology,Individual,5305,Smart Embedded Clothing for the Visually Impaired,Cork,Davis College,Individual
Technology,Individual,5306,TURCAST: Forecasting turlough depths through machine learning and data analysis,Clare,Mary Immaculate Secondary School,Individual
Technology,Individual,5307,RoadSense: Piezo-Powered Energy Harvesting from Traffic,Westmeath,Moate Community School,Individual
Technology,Individual,5308,Optima - Investigating AI-Driven Enhancements for Online Reading Clarity.,Limerick,Ardscoil Ris,Individual
Technology,Individual,5309,"Sherlock: An improved, universal AI model for the automatic evaluation of bias in news media",Cork,Kinsale Community School,Individual
Technology,Individual,5310,RePortfolio: An AI-Driven Financial Portfolio Reporter,Wicklow,St. Gerard's School,Individual
Technology,Individual,5311,Project B.E.E. Bee Emulation Engineering,Kerry,Mercy Secondary School Mounthawk,Individual
Technology,Individual,5312,"AIRID: Ag úsáid córas nua, le cabhair intleachta saorga, chun canúintí díothaithe na Gaeilge a athchruthú.",Galway,Coláiste Naomh Eoin,Individual
Technology,Individual,5313,VoiceKey: Unlocking Security with Spectral Analysis,Dublin,The Institute of Education,Individual
